Trang hàng đầu,Lượt nhấp,Lượt hiển thị,CTR,Vị trí
https://langbianggravity.com/products/sprockets/,1,28,3.57%,4.32
https://sprocket.langbianggravity.com/finder?make&model&year,1,4,25%,4.25
https://sprocket.langbianggravity.com/fitment/gas-gas-85-mc-19-16-2022-2024,1,4,25%,4.5
https://langbianggravity.com/,0,41,0%,1.27
https://langbianggravity.com/products/bolt-kits/,0,26,0%,5.81
https://langbianggravity.com/products/cnc-performance/,0,26,0%,6.31
https://langbianggravity.com/products/brake-rotor/,0,23,0%,4.17
https://langbianggravity.com/b2b,0,18,0%,2.72
https://langbianggravity.com/guides/motocross-gearing-chart/,0,12,0%,4.08
https://sprocket.langbianggravity.com/fitment/yamaha-yz250-l2-m2-2020-2021,0,8,0%,5
https://sprocket.langbianggravity.com/fitment/honda-cr125-r-2002,0,4,0%,15.75
https://sprocket.langbianggravity.com/fitment/aprilia-250-mx-1985,0,3,0%,6.67
https://langbianggravity.com/contact/,0,3,0%,27
https://langbianggravity.com/b2b/,0,2,0%,4
https://sprocket.langbianggravity.com/finder,0,2,0%,6
https://sprocket.langbianggravity.com/fitment/lbg-fitment-00021,0,2,0%,10.5
https://sprocket.langbianggravity.com/fitment/honda-cr250-rl-rm-1990-1991,0,1,0%,7